<?xml version="1.0"?>
<!DOCTYPE modification SYSTEM "http://www.simplemachines.org/xml/modification">
<modification xmlns="http://www.simplemachines.org/xml/modification" xmlns:smf="http://www.simplemachines.org/">
	<id>Runic:MSNRemove</id>
	<version>1.0</version>
	<file name="$languagedir/index.english.php">
		<operation>
			<search position="replace"><![CDATA[$txt['msn'] = 'MSN';
$txt['msn_title'] = 'MSN Messenger';
$txt['yim'] = 'YIM';]]></search>
			<add><![CDATA[$txt['yim'] = 'YIM';]]></add>
		</operation>
	</file>
		<file name="$languagedir/Profile.english.php">
		<operation>
			<search position="replace"><![CDATA[$txt['msn_email_address'] = 'Your MSN messenger email address';
$txt['current_password'] = 'Current Password';]]></search>
			<add><![CDATA[$txt['current_password'] = 'Current Password';]]></add>
		</operation>
	</file>
		<file name="$languagedir/index.english_british.php" error="skip">
		<operation>
			<search position="replace"><![CDATA[$txt['msn'] = 'MSN';
$txt['msn_title'] = 'MSN Messenger';
$txt['yim'] = 'YIM';]]></search>
			<add><![CDATA[$txt['yim'] = 'YIM';]]></add>
		</operation>
	</file>
		<file name="$languagedir/Profile.english.php_british" error="skip">
		<operation>
			<search position="replace"><![CDATA[$txt['msn_email_address'] = 'Your MSN messenger email address';
$txt['current_password'] = 'Current Password';]]></search>
			<add><![CDATA[$txt['current_password'] = 'Current Password';]]></add>
		</operation>
	</file>
		<file name="$languagedir/index.english.php-utf8" error="skip">
		<operation>
			<search position="replace"><![CDATA[$txt['msn'] = 'MSN';
$txt['msn_title'] = 'MSN Messenger';
$txt['yim'] = 'YIM';]]></search>
			<add><![CDATA[$txt['yim'] = 'YIM';]]></add>
		</operation>
	</file>
		<file name="$languagedir/Profile.english.php-utf8" error="skip">
		<operation>
			<search position="replace"><![CDATA[$txt['msn_email_address'] = 'Your MSN messenger email address';
$txt['current_password'] = 'Current Password';]]></search>
			<add><![CDATA[$txt['current_password'] = 'Current Password';]]></add>
		</operation>
	</file>
		<file name="$languagedir/index.english_british.php-utf8" error="skip">
		<operation>
			<search position="replace"><![CDATA[$txt['msn'] = 'MSN';
$txt['msn_title'] = 'MSN Messenger';
$txt['yim'] = 'YIM';]]></search>
			<add><![CDATA[$txt['yim'] = 'YIM';]]></add>
		</operation>
	</file>
		<file name="$languagedir/Profile.english.php_british-utf8" error="skip">
		<operation>
			<search position="replace"><![CDATA[$txt['msn_email_address'] = 'Your MSN messenger email address';
$txt['current_password'] = 'Current Password';]]></search>
			<add><![CDATA[$txt['current_password'] = 'Current Password';]]></add>
		</operation>
	</file>
</modification>
