<?xml version="1.0"?>
<!DOCTYPE modification SYSTEM "http://www.simplemachines.org/xml/modification">
<modification xmlns="http://www.simplemachines.org/xml/modification" xmlns:smf="http://www.simplemachines.org/">
	<id>runic:stars</id>
	<version>2.1</version>
	<file name="$themedir/Profile.template.php">
		<operation>
			<search position="replace"><![CDATA[<span class="position">', (!empty($context['member']['group']) ? $context['member']['group'] : $context['member']['post_group']), '</span></h4>]]></search>
			<add><![CDATA[<span class="position">', (!empty($context['member']['group']) ? $context['member']['group'] : $context['member']['post_group']), '</span>', $context['member']['group_stars'], '</h4>]]></add>
		</operation>
	</file>
</modification>
