<?xml version="1.0"?>
<!DOCTYPE modification SYSTEM "http://www.simplemachines.org/xml/modification">
<!-- This package was generated by SleePys Modification Maker at http://sleepycode.com -->
<modification xmlns="http://www.simplemachines.org/xml/modification" xmlns:smf="http://www.simplemachines.org/">
	<id>runic:TopicLockedMessage</id>
	<version>2.2</version>
	<file name="$languagedir/Modifications.english.php">
		<operation>
			<search position="end" />
			<add><![CDATA[
$txt['topicLocked'] = 'Topic Locked!';
$txt['topicLockReasonDesc'] = 'Please enter a brief description as to<br />why this topic is being locked.';
$txt['topicLockReasonLabel'] = 'Post a reason for lock?';
$txt['topicUnlockDeleteLabel'] = 'Delete topic locked reason?';
$txt['tlcopy'] = 'Locked Topic Message Mod &copy; <a href="http://www.bryandeakin.com">Bryan Runic Deakin</a>';
]]></add>
		</operation>
	</file>
	<file name="$languagedir/Modifications.english-utf8.php" error="skip">
		<operation>
			<search position="end" />
			<add><![CDATA[
$txt['topicLocked'] = 'Topic Locked!';
$txt['topicLockReasonDesc'] = 'Please enter a brief description as to<br />why this topic is being locked.';
$txt['topicLockReasonLabel'] = 'Post a reason for lock?';
$txt['topicUnlockDeleteLabel'] = 'Delete topic locked reason?';
$txt['tlcopy'] = 'Locked Topic Message Mod &copy; <a href="http://www.bryandeakin.com">Bryan Runic Deakin</a>';
]]></add>
		</operation>
	</file>
		<file name="$languagedir/Modifications.english_british.php">
		<operation>
			<search position="end" />
			<add><![CDATA[
$txt['topicLocked'] = 'Topic Locked!';
$txt['topicLockReasonDesc'] = 'Please enter a brief description as to<br />why this topic is being locked.';
$txt['topicLockReasonLabel'] = 'Post a reason for lock?';
$txt['topicUnlockDeleteLabel'] = 'Delete topic locked reason?';
$txt['tlcopy'] = 'Locked Topic Message Mod &copy; <a href="http://www.bryandeakin.com">Bryan Runic Deakin</a>';
]]></add>
		</operation>
	</file>
	<file name="$languagedir/Modifications.english_british-utf8.php" error="skip">
		<operation>
			<search position="end" />
			<add><![CDATA[
$txt['topicLocked'] = 'Topic Locked!';
$txt['topicLockReasonDesc'] = 'Please enter a brief description as to<br />why this topic is being locked.';
$txt['topicLockReasonLabel'] = 'Post a reason for lock?';
$txt['topicUnlockDeleteLabel'] = 'Delete topic locked reason?';
$txt['tlcopy'] = 'Locked Topic Message Mod &copy; <a href="http://www.bryandeakin.com">Bryan Runic Deakin</a>';
]]></add>
		</operation>
	</file>
</modification>