<?xml version="1.0"?>
<!DOCTYPE package-info SYSTEM "http://www.simplemachines.org/xml/package-info">
<!-- This package was generated by SleePys Package Maker at http://sleepycode.com -->
<package-info xmlns="http://www.simplemachines.org/xml/package-info" xmlns:smf="http://www.simplemachines.org/">
	<id>runic:TopicLockedMessage</id>
	<name>Topic_Locked_Message</name>
	<version>2.2</version>
	<type>modification</type>
	
	<install for="2.0 - 2.0.99">
		<modification type="file">install.xml</modification>
		<modification type="file">english.xml</modification>
		<database>install.php</database>
		<require-file name="smf2/LockTopic.template.php" destination="$themedir" />
	</install>
	
	<uninstall for="2.0 - 2.0.99">
		<modification type="file" reverse="true">install.xml</modification>
		<modification type="file" reverse="true">english.xml</modification>
		<remove-file name="$themedir/LockTopic.template.php" />
	</uninstall>
</package-info>