<?xml version="1.0"?>
<!DOCTYPE modification SYSTEM "http://www.simplemachines.org/xml/modification">
<modification xmlns="http://www.simplemachines.org/xml/modification" xmlns:smf="http://www.simplemachines.org/">
	<id>runic:join_password</id>
	<version>1.1</version>

	<file name="$languagedir/Modifications.english.php">
		<operation>
			<search position="end" />
			<add><![CDATA[
$txt['error_join_pass'] = 'Please enter the password required to register on the forum.';
$txt['join_pass'] = 'Access password';
$txt['join_pass_enabled'] = 'Require password on registration';
$txt['jpcopy'] = 'Join Password Mod &copy; <a href="http://www.bryandeakin.com">Bryan Runic Deakin</a>';
]]></add>
		</operation>
	</file>

	<file name="$languagedir/Modifications.english-utf8.php" error="skip">
		<operation>
			<search position="end" />
			<add><![CDATA[
$txt['error_join_pass'] = 'Please enter the password required to register on the forum.';
$txt['join_pass'] = 'Access password';
$txt['join_pass_enabled'] = 'Require password on registration';
$txt['jpcopy'] = 'Join Password Mod &copy; <a href="http://www.bryandeakin.com">Bryan Runic Deakin</a>';
]]></add>
		</operation>
	</file>


	<file name="$languagedir/Modifications.english_british.php" error="skip">
		<operation>
			<search position="end" />
			<add><![CDATA[
$txt['error_join_pass'] = 'Please enter the password required to register on the forum.';
$txt['join_pass'] = 'Access password';
$txt['join_pass_enabled'] = 'Require password on registration';
$txt['jpcopy'] = 'Join Password Mod &copy; <a href="http://www.bryandeakin.com">Bryan Runic Deakin</a>';
]]></add>
		</operation>
	</file>

	<file name="$languagedir/Modifications.english_british-utf8.php" error="skip">
		<operation>
			<search position="end" />
			<add><![CDATA[
$txt['error_join_pass'] = 'Please enter the password required to register on the forum.';
$txt['join_pass'] = 'Access password';
$txt['join_pass_enabled'] = 'Require password on registration';
$txt['jpcopy'] = 'Join Password Mod &copy; <a href="http://www.bryandeakin.com">Bryan Runic Deakin</a>';
]]></add>
		</operation>
	</file>
</modification>