<?xml version="1.0"?>
<!DOCTYPE package-info SYSTEM "http://www.simplemachines.org/xml/package-info">
<package-info xmlns="http://www.simplemachines.org/xml/package-info" xmlns:smf="http://www.simplemachines.org/">
	<id>runic:join_password</id>
	<version>1.1</version>
	<name>Join Password</name>
	<type>modification</type>

	<install for="2.0 - 2.99.99">
		<modification type="file">install.xml</modification>
		<modification type="file">english.xml</modification>
	</install>

	<uninstall for="2.0 - 2.99.99">
		<modification type="file" reverse="true">install.xml</modification>
		<modification type="file" reverse="true">english.xml</modification>
	</uninstall>
</package-info>