<?xml version="1.0"?>
<!DOCTYPE modification SYSTEM "http://www.simplemachines.org/xml/modification">
<!-- This package was generated by SleePys Modification Maker at http://sleepycode.com -->
<modification xmlns="http://www.simplemachines.org/xml/modification" xmlns:smf="http://www.simplemachines.org/">
	<id>Runic:Default_Membergroup</id>
	<version>2.0</version>
	<file name="$sourcedir/ManageRegistration.php">
		<operation>
			<search position="replace"><![CDATA[array('check', 'send_welcomeEmail'),]]></search>
			<add><![CDATA[array('check', 'send_welcomeEmail'),
			array('int', 'default_group'),]]></add>
		</operation>
	</file>
	<file name="$sourcedir/Subs-Members.php">
		<operation>
			<search position="replace"><![CDATA['id_post_group' => 4,]]></search>
			<add><![CDATA['id_group' => !empty($modSettings['default_group']) ? $modSettings['default_group'] : '0',
		'id_post_group' => 4,]]></add>
		</operation>
	</file>	
	<file name="$languagedir/Modifications.english.php">
		<operation>
			<search position="end" />
			<add><![CDATA[
// Start Default membergroup by Runic
$txt['default_group'] = 'Default membergroup <div class="smalltext">The ID of the membergroup that all new members should be assigned to upon registration.</div>';
// End Default membergroup by Runic

]]></add>
		</operation>
	</file>
	<file name="$languagedir/Modifications.english-utf8.php" error="skip">
		<operation>
			<search position="end" />
			<add><![CDATA[
// Start Default membergroup by Runic
$txt['default_group'] = 'Default membergroup <div class="smalltext">The ID of the membergroup that all new members should be assigned to upon registration.</div>';
// End Default membergroup by Runic

]]></add>
		</operation>
	</file>
		</file>	
	<file name="$languagedir/Modifications.english_british.php" error="skip">
		<operation>
			<search position="end" />
			<add><![CDATA[
// Start Default membergroup by Runic
$txt['default_group'] = 'Default membergroup <div class="smalltext">The ID of the membergroup that all new members should be assigned to upon registration.</div>';
// End Default membergroup by Runic

]]></add>
		</operation>
	</file>
	<file name="$languagedir/Modifications.english_british-utf8.php" error="skip">
		<operation>
			<search position="end" />
			<add><![CDATA[
// Start Default membergroup by Runic
$txt['default_group'] = 'Default membergroup <div class="smalltext">The ID of the membergroup that all new members should be assigned to upon registration.</div>';
// End Default membergroup by Runic

]]></add>
		</operation>
	</file>
</modification>