<?xml version="1.0"?>
<!DOCTYPE package-info SYSTEM "http://www.simplemachines.org/xml/package-info">
<package-info xmlns="http://www.simplemachines.org/xml/package-info" xmlns:smf="http://www.simplemachines.org/">
	<id>Runic:ShowUnreadPMs</id>
	<name>Show Unread Private Messages</name>
	<version>1.2</version>
	<type>modification</type>
	
	<install for="2.0 - 2.0.99">
		<modification type="file">install.xml</modification>
	</install>
	
	<uninstall for="2.0 - 2.0.99">
		<modification type="file" reverse="true">install.xml</modification>
	</uninstall>
</package-info>