<?xml version="1.0"?>
<!DOCTYPE package-info SYSTEM "http://www.simplemachines.org/xml/package-info">
<package-info xmlns="http://www.simplemachines.org/xml/package-info" xmlns:smf="http://www.simplemachines.org/">
	<id>runic:lpi</id>
	<name>New Style Latest Post in InfoCenter</name>
	<version>1.1</version>
	<type>modification</type>

	<install for="1.1-1.1.99">
		<readme type="file">readme.txt</readme>
		<modification type="file">install.xml</modification>
	</install>

	<uninstall for="1.1-1.1.99">
		<modification type="file" reverse="true">install.xml</modification>
	</uninstall>
</package-info>
