<?xml version="1.0"?>
<!DOCTYPE package-info SYSTEM "http://www.simplemachines.org/xml/package-info">
<!-- This package was generated by SleePys Package Maker at http://sleepycode.com -->
<package-info xmlns="http://www.simplemachines.org/xml/package-info" xmlns:smf="http://www.simplemachines.org/">
	<id>runic:Slogan</id>
	<name>Slogan</name>
	<version>4.1</version>
	<type>modification</type>
		<install for="1.1-1.1.99">
		<modification>slogan.xml</modification>
	</install>
	<uninstall for="1.1-1.1.99">
		<modification reverse="true">slogan.xml</modification>
	</uninstall>
</package-info>