<?xml version="1.0"?>
<!DOCTYPE package-info SYSTEM "http://www.simplemachines.org/xml/package-info">
<package-info xmlns="http://www.simplemachines.org/xml/package-info" xmlns:smf="http://www.simplemachines.org/">
	<id>Runic:ssi_multiBoardNews</id>
	<name>ssi_multiBoardNews</name>
	<version>2.0</version>
	<type>modification</type>
	
	<install for="1.1 - 1.1.99">
		<modification type="file">install11.xml</modification>
		<readme type="file">readme_english.txt</readme>
	</install>
	
	<uninstall for="1.1 - 1.1.99">
		<modification type="file" reverse="true">install11.xml</modification>
	</uninstall>
	
	<install for="2.0 - 2.0.99">
		<modification type="file">install20.xml</modification>
		<readme type="file">readme_english.txt</readme>
	</install>
	
	<uninstall for="2.0 - 2.0.99">
		<modification type="file" reverse="true">install20.xml</modification>
	</uninstall>
</package-info>