<?xml version="1.0"?>
<!DOCTYPE package-info SYSTEM "http://www.simplemachines.org/xml/package-info">
<package-info xmlns="http://www.simplemachines.org/xml/package-info" xmlns:smf="http://www.simplemachines.org/">
	<id>Runic:AutoLock</id>
	<name>Auto Lock Old Topics</name>
	<version>2.0</version>
	<type>modification</type>
	
	<install for="2.0 - 2.0.99">
		<code>install.php</code>
		<modification type="file">install.xml</modification>
		<modification type="file">english.xml</modification>
		<modification type="file">english_british.xml</modification>
	</install>
	
	<uninstall for="2.0 - 2.0.99">
		<code>uninstall.php</code>
		<modification type="file" reverse="true">install.xml</modification>
		<modification type="file" reverse="true">english.xml</modification>
		<modification type="file" reverse="true">english_british.xml</modification>
	</uninstall>
</package-info>