<?xml version="1.0"?>
<!DOCTYPE modification SYSTEM "http://www.simplemachines.org/xml/modification">
<modification xmlns="http://www.simplemachines.org/xml/modification" xmlns:smf="http://www.simplemachines.org/">
	<name>Child Board Hover</name>
	<id>runic:ChildBoardHover</id>
	<version>1.0</version>

	<file name="$themedir/BoardIndex.template.php">
		<operation>
		<search position="replace" whitespace="loose" ><![CDATA[<td class="info">
						<a class="subject" href="', $board['href'], '" name="b', $board['id'], '">', $board['name'], '</a>';]]></search>
		<add><![CDATA[<td class="info">';
						if (!empty($modSettings['cbhbi']))
							{
								echo'
								<a class="subject" href="', $board['href'], '" title="', $board['raw_name'], ' - ', $board['raw_desc'] , '" name="b', $board['id'], '">', $board['name'], '</a>';
							}
						else
							{
								echo'
								<a class="subject" href="', $board['href'], '" name="b', $board['id'], '">', $board['name'], '</a>';
							}]]></add>
		</operation>
		
		<operation>
		<search position="replace" ><![CDATA[$child['link'] = '<a href="' . $child['href'] . '" ' . ($child['new'] ? 'class="new_posts" ' : '') . 'title="' . ($child['new'] ? $txt['new_posts'] : $txt['old_posts']) . ' (' . $txt['board_topics'] . ': ' . comma_format($child['topics']) . ', ' . $txt['posts'] . ': ' . comma_format($child['posts']) . ')">' . $child['name'] . ($child['new'] ? '</a> <a href="' . $scripturl . '?action=unread;board=' . $child['id'] . '" title="' . $txt['new_posts'] . ' (' . $txt['board_topics'] . ': ' . comma_format($child['topics']) . ', ' . $txt['posts'] . ': ' . comma_format($child['posts']) . ')"><img src="' . $settings['lang_images_url'] . '/new.gif" class="new_posts" alt="" />' : '') . '</a>';]]></search>
		<add><![CDATA[						if (!empty($modSettings['cbhbi']))
							{
								$child['link'] = '<a href="' . $child['href'] . '" ' . ($child['new'] ? 'class="new_posts" ' : '') . 'title="'. $child['raw_name'] .' '.$child['raw_desc'].' - ' . ($child['new'] ? $txt['new_posts'] : $txt['old_posts']) . ' (' . $txt['board_topics'] . ': ' . comma_format($child['topics']) . ', ' . $txt['posts'] . ': ' . comma_format($child['posts']) . ')">' . $child['name'] . ($child['new'] ? '</a> <a href="' . $scripturl . '?action=unread;board=' . $child['id'] . '" title="' . $txt['new_posts'] . ' (' . $txt['board_topics'] . ': ' . comma_format($child['topics']) . ', ' . $txt['posts'] . ': ' . comma_format($child['posts']) . ')"><img src="' . $settings['lang_images_url'] . '/new.gif" class="new_posts" alt="" />' : '') . '</a>';
							}
						else
							{
								$child['link'] = '<a href="' . $child['href'] . '" ' . ($child['new'] ? 'class="new_posts" ' : '') . 'title="' . ($child['new'] ? $txt['new_posts'] : $txt['old_posts']) . ' (' . $txt['board_topics'] . ': ' . comma_format($child['topics']) . '. ' . $txt['posts'] . ': ' . comma_format($child['posts']) . ')">' . $child['name'] . ($child['new'] ? '</a> <a href="' . $scripturl . '?action=unread;board=' . $child['id'] . '" title="' . $txt['new_posts'] . ' (' . $txt['board_topics'] . ': ' . comma_format($child['topics']) . '. ' . $txt['posts'] . ': ' . comma_format($child['posts']) . ')"><img src="' . $settings['lang_images_url'] . '/new.gif" class="new_posts" alt="" />' : '') . '</a>';
							}]]></add>
		</operation>
	</file>
	<file name="$themedir/MessageIndex.template.php">
		<operation>
		<search position="replace" whitespace="loose" ><![CDATA[<td class="info">
						<a class="subject" href="', $board['href'], '" name="b', $board['id'], '">', $board['name'], '</a>';]]></search>
		<add><![CDATA[<td class="info">';
						if (!empty($modSettings['cbhmi']))
							{
								echo'
								<a class="subject" href="', $board['href'], '" title="', $board['raw_name'], ' - ', $board['raw_desc'] , '" name="b', $board['id'], '">', $board['name'], '</a>';
							}
						else
							{
								echo'
								<a class="subject" href="', $board['href'], '" name="b', $board['id'], '">', $board['name'], '</a>';
							}]]></add>
		</operation>
		
		<operation>
		<search position="replace" ><![CDATA[$child['link'] = '<a href="' . $child['href'] . '" ' . ($child['new'] ? 'class="new_posts" ' : '') . 'title="' . ($child['new'] ? $txt['new_posts'] : $txt['old_posts']) . ' (' . $txt['board_topics'] . ': ' . comma_format($child['topics']) . ', ' . $txt['posts'] . ': ' . comma_format($child['posts']) . ')">' . $child['name'] . ($child['new'] ? '</a> <a href="' . $scripturl . '?action=unread;board=' . $child['id'] . '" title="' . $txt['new_posts'] . ' (' . $txt['board_topics'] . ': ' . comma_format($child['topics']) . ', ' . $txt['posts'] . ': ' . comma_format($child['posts']) . ')"><img src="' . $settings['lang_images_url'] . '/new.gif" class="new_posts" alt="" />' : '') . '</a>';]]></search>
		<add><![CDATA[						if (!empty($modSettings['cbhmi']))
							{
								$child['link'] = '<a href="' . $child['href'] . '" ' . ($child['new'] ? 'class="new_posts" ' : '') . 'title="'. $child['raw_name'] .' '.$child['raw_desc'].' - ' . ($child['new'] ? $txt['new_posts'] : $txt['old_posts']) . ' (' . $txt['board_topics'] . ': ' . comma_format($child['topics']) . ', ' . $txt['posts'] . ': ' . comma_format($child['posts']) . ')">' . $child['name'] . ($child['new'] ? '</a> <a href="' . $scripturl . '?action=unread;board=' . $child['id'] . '" title="' . $txt['new_posts'] . ' (' . $txt['board_topics'] . ': ' . comma_format($child['topics']) . ', ' . $txt['posts'] . ': ' . comma_format($child['posts']) . ')"><img src="' . $settings['lang_images_url'] . '/new.gif" class="new_posts" alt="" />' : '') . '</a>';
							}
						else
							{
								$child['link'] = '<a href="' . $child['href'] . '" ' . ($child['new'] ? 'class="new_posts" ' : '') . 'title="' . ($child['new'] ? $txt['new_posts'] : $txt['old_posts']) . ' (' . $txt['board_topics'] . ': ' . comma_format($child['topics']) . '. ' . $txt['posts'] . ': ' . comma_format($child['posts']) . ')">' . $child['name'] . ($child['new'] ? '</a> <a href="' . $scripturl . '?action=unread;board=' . $child['id'] . '" title="' . $txt['new_posts'] . ' (' . $txt['board_topics'] . ': ' . comma_format($child['topics']) . '. ' . $txt['posts'] . ': ' . comma_format($child['posts']) . ')"><img src="' . $settings['lang_images_url'] . '/new.gif" class="new_posts" alt="" />' : '') . '</a>';
							}]]></add>
		</operation>
	</file>
	<file name="$sourcedir/ManageSettings.php">
		<operation>
			<search position="before" whitespace="loose"><![CDATA[		// Mod authors, add any settings UNDER this line. Include a comma at the end of the line and don't remove this statement!!]]></search>
			<add><![CDATA[
			array('check', 'cbhbi'),
			array('check', 'cbhmi'),]]></add>
		</operation>
	</file>
	<file name="$sourcedir/Who.php">
		<operation>
			<search position="replace" whitespace="loose"><![CDATA[		'mods' => array(]]></search>
			<add><![CDATA[		'mods' => array( $txt['cbh_copy'],]]></add>
		</operation>
	</file>
		<file name="$sourcedir/Subs-BoardIndex.php">
		<operation>
			<search position="before" whitespace="loose"><![CDATA[			$this_category[$row_board['id_parent']]['children'][$row_board['id_board']] = array(
				'id' => $row_board['id_board'],
				'name' => $row_board['board_name'],
				'description' => $row_board['description'],]]></search>
			<add><![CDATA[				//-- Runic; Child Board Hover
				'raw_desc' => strip_tags($row_board['description']),
				'raw_name' => strip_tags($row_board['board_name']),
				// End Runic; Child Board Hover --//]]></add>
		</operation>
	</file>
</modification>
