<?xml version="1.0"?>
<!DOCTYPE modification SYSTEM "http://www.simplemachines.org/xml/modification">
<modification xmlns="http://www.simplemachines.org/xml/modification" xmlns:smf="http://www.simplemachines.org/">
	<name>Child Board Hover</name>
	<id>runic:ChildBoardHover</id>
	<version>1.0</version>
	
<file name="$languagedir/Modifications.english.php">
		<operation>
			<search position="end" />
			<add><![CDATA[$txt['cbhbi'] = 'Childboard Hover in BoardIndex.template.php:';
$txt['cbhbi_desc'] = 'Turn on the Child Board Hover in the BoardIndex.template.php';
$txt['cbhmi'] = 'Childboard Hover in MessageIndex.template.php:';
$txt['cbhmi_desc'] = 'Turn on the Child Board Hover in the MessageIndex.template.php';
$txt['cbh_copy'] = 'Childboard Hover Mod &copy; <a href="http://www.bryandeakin.com">Bryan Runic Deakin</a>';
]]></add>
		</operation>
	</file>
	<file name="$languagedir/Modifications.english-utf8.php" error="skip">
		<operation>
			<search position="end" />
			<add><![CDATA[$txt['cbhbi'] = 'Childboard Hover in BoardIndex.template.php:';
$txt['cbhbi_desc'] = 'Turn on the Child Board Hover in the BoardIndex.template.php';
$txt['cbhmi'] = 'Childboard Hover in MessageIndex.template.php:';
$txt['cbhmi_desc'] = 'Turn on the Child Board Hover in the MessageIndex.template.php';
$txt['cbh_copy'] = 'Childboard Hover Mod &copy; <a href="http://www.bryandeakin.com">Bryan Runic Deakin</a>';
]]></add>
		</operation>
	</file>
	<file name="$languagedir/Modifications.english_british.php" error="skip">
		<operation>
			<search position="end" />
			<add><![CDATA[$txt['cbhbi'] = 'Childboard Hover in BoardIndex.template.php:';
$txt['cbhbi_desc'] = 'Turn on the Child Board Hover in the BoardIndex.template.php';
$txt['cbhmi'] = 'Childboard Hover in MessageIndex.template.php:';
$txt['cbhmi_desc'] = 'Turn on the Child Board Hover in the MessageIndex.template.php';
$txt['cbh_copy'] = 'Childboard Hover Mod &copy; <a href="http://www.bryandeakin.com">Bryan Runic Deakin</a>';
]]></add>
		</operation>
	</file>
	<file name="$languagedir/Modifications.english_british-utf8.php" error="skip">
		<operation>
			<search position="end" />
			<add><![CDATA[$txt['cbhbi'] = 'Childboard Hover in BoardIndex.template.php:';
$txt['cbhbi_desc'] = 'Turn on the Child Board Hover in the BoardIndex.template.php';
$txt['cbhmi'] = 'Childboard Hover in MessageIndex.template.php:';
$txt['cbhmi_desc'] = 'Turn on the Child Board Hover in the MessageIndex.template.php';
$txt['cbh_copy'] = 'Childboard Hover Mod &copy; <a href="http://www.bryandeakin.com">Bryan Runic Deakin</a>';
]]></add>
		</operation>
	</file>
</modification>
