<?xml version="1.0"?>
<!DOCTYPE package-info SYSTEM "http://www.simplemachines.org/xml/package-info">
<package-info xmlns="http://www.simplemachines.org/xml/package-info" xmlns:smf="http://www.simplemachines.org/">
	<id>Runic:ViewPostcount</id>
	<name>View Postcount</name>
	<version>1.1</version>
	<type>modification</type>
	<install for="1.1-1.1.99">
	<readme type="file" parsebbc="true">readme.txt</readme>
	<modification>install.xml</modification>
	</install>
	<uninstall for="1.1-1.1.99">
	<modification reverse="true">install.xml</modification>
	</uninstall>
</package-info>
