<?xml version="1.0"?>
<!DOCTYPE modification SYSTEM "http://www.simplemachines.org/xml/modification">
<modification xmlns="http://www.simplemachines.org/xml/modification" xmlns:smf="http://www.simplemachines.org/">
	<id>runic:relative_dates</id>
	<version>1.3</version>

	<file name="$languagedir/Modifications.english.php">
		<operation>
			<search position="end" />
			<add><![CDATA[
$txt['hours'] = 'hours';
$txt['minutes'] = 'minutes';
$txt['seconds'] = 'seconds';
$txt['hour'] = 'hour';
$txt['minute'] = 'minute';
$txt['second'] = 'second';
$txt['ago'] = 'ago';
$txt['in'] = 'in';
$txt['relative_today'] = 'Today with relative times';
$txt['relativecopy'] = 'Relative Dates &copy; <a href="http://www.bryandeakin.com">Bryan Runic Deakin</a>';
]]></add>
		</operation>
	</file>

	<file name="$languagedir/Modifications.english-utf8.php" error="skip">
		<operation>
			<search position="end" />
			<add><![CDATA[
$txt['hours'] = 'hours';
$txt['minutes'] = 'minutes';
$txt['seconds'] = 'seconds';
$txt['hour'] = 'hour';
$txt['minute'] = 'minute';
$txt['second'] = 'second';
$txt['ago'] = 'ago';
$txt['in'] = 'in';
$txt['relative_today'] = 'Today with relative times';
$txt['relativecopy'] = 'Relative Dates &copy; <a href="http://www.bryandeakin.com">Bryan Runic Deakin</a>';
]]></add>
		</operation>
	</file>

	<file name="$languagedir/Modifications.english_british.php" error="skip">
		<operation>
			<search position="end" />
			<add><![CDATA[
$txt['hours'] = 'hours';
$txt['minutes'] = 'minutes';
$txt['seconds'] = 'seconds';
$txt['hour'] = 'hour';
$txt['minute'] = 'minute';
$txt['second'] = 'second';
$txt['ago'] = 'ago';
$txt['in'] = 'in';
$txt['relative_today'] = 'Today with relative times';
$txt['relativecopy'] = 'Relative Dates &copy; <a href="http://www.bryandeakin.com">Bryan Runic Deakin</a>';
]]></add>
		</operation>
	</file>

	<file name="$languagedir/Modifications.english_british-utf8.php" error="skip">
		<operation>
			<search position="end" />
			<add><![CDATA[
$txt['hours'] = 'hours';
$txt['minutes'] = 'minutes';
$txt['seconds'] = 'seconds';
$txt['hour'] = 'hour';
$txt['minute'] = 'minute';
$txt['second'] = 'second';
$txt['ago'] = 'ago';
$txt['in'] = 'in';
$txt['relative_today'] = 'Today with relative times';
$txt['relativecopy'] = 'Relative Dates &copy; <a href="http://www.bryandeakin.com">Bryan Runic Deakin</a>';
]]></add>
		</operation>
	</file>
</modification>