<?xml version="1.0"?>
<!DOCTYPE package-info SYSTEM "http://www.simplemachines.org/xml/package-info">

<package-info xmlns="http://www.simplemachines.org/xml/package-info" xmlns:smf="http://www.simplemachines.org/">
	<id>runic:relative_dates</id>
	<name>Relative Dates</name>
	<type>modification</type>
	<version>1.3</version>

	<install for="2.0 - 2.0.99">
		<modification>install.xml</modification>
		<modification>english.xml</modification>
	</install>

	<uninstall for="2.0 - 2.0.99">
		<modification reverse="true">install.xml</modification>
		<modification reverse="true">english.xml</modification>
	</uninstall>

</package-info>