<?xml version="1.0"?>
<!DOCTYPE package-info SYSTEM "http://www.simplemachines.org/xml/package-info">

<package-info xmlns="http://www.simplemachines.org/xml/package-info" xmlns:smf="http://www.simplemachines.org/">
	<id>runic:TopicDescriptions</id>
	<name>Topic Descriptions</name>
	<version>1.3</version>
	<type>modification</type>

	<install for="2.0 - 2.99.99">
		<modification>install.xml</modification>
		<modification>english.xml</modification>
		<database>install.php</database>
		<redirect url="?action=admin;area=modsettings;sa=topicdescriptions" type="inline">
			Please wait while you are being redirected to this modification's configuration settings.
		</redirect>
	</install>

	<uninstall for="2.0 - 2.99.99">
		<modification reverse="true">install.xml</modification>
		<modification reverse="true">english.xml</modification>
	</uninstall>
	
</package-info>
