<?xml version="1.0"?>
<!DOCTYPE modification SYSTEM "http://www.simplemachines.org/xml/modification">
<modification xmlns="http://www.simplemachines.org/xml/modification" xmlns:smf="http://www.simplemachines.org/">
	<name>Signature Area BBCode Buttons</name>
	<id>runic:BBCodeBarForSignature</id>
	<version>2.0.3</version>
	<homepage>http://www.bryandeakin.com/</homepage>
	<file name="$themedir/Profile.template.php">
		<operation>
			<search position="replace" whitespace="loose"><![CDATA[<textarea class="editor" onkeyup="calcCharLeft();" name="signature" rows="5" cols="50">', $context['member']['signature'], '</textarea><br />';
]]></search>
			<add><![CDATA[';
			// Signature Area BBCode Buttons start
			echo '
								
								<script language="JavaScript" type="text/javascript">
						function bbc_highlight(something, mode)
						{
							something.style.backgroundImage = "url(" + smf_images_url + (mode ? "/bbc/bbc_hoverbg.gif)" : "/bbc/bbc_bg.gif)");
						}
					</script>';
		// load the post variables
		loadLanguage('Post');
		// The below array makes it dead easy to add images to this page. Add it to the array and everything else is done for you!
		$context['bbc_tags'] = array();
		$context['bbc_tags'][] = array(
			'bold' => array('code' => 'b', 'before' => '[b]', 'after' => '[/b]', 'description' => $txt[253]),
			'italicize' => array('code' => 'i', 'before' => '[i]', 'after' => '[/i]', 'description' => $txt[254]),
			'underline' => array('code' => 'u', 'before' => '[u]', 'after' => '[/u]', 'description' => $txt[255]),
			'strike' => array('code' => 's', 'before' => '[s]', 'after' => '[/s]', 'description' => $txt[441]),
			array(),
			'glow' => array('code' => 'glow', 'before' => '[glow=red,2,300]', 'after' => '[/glow]', 'description' => $txt[442]),
			'shadow' => array('code' => 'shadow', 'before' => '[shadow=red,left]', 'after' => '[/shadow]', 'description' => $txt[443]),
			'move' => array('code' => 'move', 'before' => '[move]', 'after' => '[/move]', 'description' => $txt[439]),
			array(),
			'pre' => array('code' => 'pre', 'before' => '[pre]', 'after' => '[/pre]', 'description' => $txt[444]),
			'left' => array('code' => 'left', 'before' => '[left]', 'after' => '[/left]', 'description' => $txt[445]),
			'center' => array('code' => 'center', 'before' => '[center]', 'after' => '[/center]', 'description' => $txt[256]),
			'right' => array('code' => 'right', 'before' => '[right]', 'after' => '[/right]', 'description' => $txt[446]),
			array(),
			'hr' => array('code' => 'hr', 'before' => '[hr]', 'description' => $txt[531]),
			array(),
			'size' => array('code' => 'size', 'before' => '[size=10pt]', 'after' => '[/size]', 'description' => $txt[532]),
			'face' => array('code' => 'font', 'before' => '[font=Verdana]', 'after' => '[/font]', 'description' => $txt[533]),
		
			'flash' => array('code' => 'flash', 'before' => '[flash=200,200]', 'after' => '[/flash]', 'description' => $txt[433]),
			'img' => array('code' => 'img', 'before' => '[img]', 'after' => '[/img]', 'description' => $txt[435]),
			'url' => array('code' => 'url', 'before' => '[url]', 'after' => '[/url]', 'description' => $txt[257]),
			'email' => array('code' => 'email', 'before' => '[email]', 'after' => '[/email]', 'description' => $txt[258]),
			'ftp' => array('code' => 'ftp', 'before' => '[ftp]', 'after' => '[/ftp]', 'description' => $txt[434]),
			array(),
			'table' => array('code' => 'table', 'before' => '[table]', 'after' => '[/table]', 'description' => $txt[436]),
			'tr' => array('code' => 'td', 'before' => '[tr]', 'after' => '[/tr]', 'description' => $txt[449]),
			'td' => array('code' => 'td', 'before' => '[td]', 'after' => '[/td]', 'description' => $txt[437]),
			array(),
			'sup' => array('code' => 'sup', 'before' => '[sup]', 'after' => '[/sup]', 'description' => $txt[447]),
			'sub' => array('code' => 'sub', 'before' => '[sub]', 'after' => '[/sub]', 'description' => $txt[448]),
			'tele' => array('code' => 'tt', 'before' => '[tt]', 'after' => '[/tt]', 'description' => $txt[440]),
			array(),
			'code' => array('code' => 'code', 'before' => '[code]', 'after' => '[/code]', 'description' => $txt[259]),
			'quote' => array('code' => 'quote', 'before' => '[quote]', 'after' => '[/quote]', 'description' => $txt[260]),
			array(),
			'list' => array('code' => 'list', 'before' => '[list]\n[li]', 'after' => '[/li]\n[li][/li]\n[/list]', 'description' => $txt[261]),
		);
		// Here loop through the array, printing the images/rows/separators!
		foreach ($context['bbc_tags'][0] as $image => $tag)
		{
			// Is there a "before" part for this bbc button? If not, it can't be a button!!
			if (isset($tag['before']))
			{
				// Is this tag disabled?
				if (!empty($context['disabled_tags'][$tag['code']]))
					continue;

				// If there's no after, we're just replacing the entire selection in the post box.
				if (!isset($tag['after']))
					echo '<a href="javascript:void(0);" onclick="replaceText(\'', $tag['before'], '\', document.forms.creator.signature); return false;">';
				// On the other hand, if there is one we are surrounding the selection ;).
				else
					echo '<a href="javascript:void(0);" onclick="surroundText(\'', $tag['before'], '\', \'', $tag['after'], '\', document.forms.creator.signature); return false;">';

				// Okay... we have the link. Now for the image and the closing </a>!
				echo '<img onmouseover="bbc_highlight(this, true);" onmouseout="if (window.bbc_highlight) bbc_highlight(this, false);" src="', $settings['images_url'], '/bbc/', $image, '.gif" align="bottom" width="23" height="22" alt="', $tag['description'], '" title="', $tag['description'], '" style="background-image: url(', $settings['images_url'], '/bbc/bbc_bg.gif); margin: 1px 2px 1px 1px;" /></a>';
			}
		}
echo '<br/>';
		
		
echo '									<textarea class="editor" onkeyup="calcCharLeft();" name="signature" onselect="storeCaret(this);" onclick="storeCaret(this);" onkeyup="storeCaret(this);" onchange="storeCaret(this);" rows="5" cols="50">', $context['member']['signature'], '</textarea><br />';

// Signature Area BBCode Buttons end
]]></add>
		</operation>
	</file>
</modification>