<?xml version="1.0"?>
<!DOCTYPE package-info SYSTEM "http://www.simplemachines.org/xml/package-info">
<package-info xmlns="http://www.simplemachines.org/xml/package-info" xmlns:smf="http://www.simplemachines.org/">
	<id>Runic:Quick_Reply_Permission</id>
	<name>Quick Reply Permission</name>
	<version>1.2</version>
	<type>modification</type>

	<install for="2.0 - 2.0.99">
		<modification format="xml" type="file">install.xml</modification>
		<modification format="xml" type="file">english.xml</modification>
		<modification format="xml" type="file">english_british.xml</modification>
		<modification format="xml" type="file">finnish.xml</modification>
		<redirect url="?action=admin;area=permissions" />
	</install>
	
	<uninstall for="2.0 - 2.0.99">
		<modification format="xml" type="file" reverse="true">install.xml</modification>
		<modification format="xml" type="file" reverse="true">english.xml</modification>
		<modification format="xml" type="file" reverse="true">english_british.xml</modification>
		<modification format="xml" type="file" reverse="true">finnish.xml</modification>
	</uninstall>
</package-info>