<?xml version="1.0"?>
<!DOCTYPE modification SYSTEM "http://www.simplemachines.org/xml/modification">
<modification xmlns="http://www.simplemachines.org/xml/modification" xmlns:smf="http://www.simplemachines.org/">
	<id>runic:pm_ar</id>
	<version>1.1</version>
	<file name="$sourcedir/Who.php">
		<operation>
			<search position="replace" whitespace="loose"><![CDATA[		'mods' => array(]]></search>
			<add><![CDATA[		'mods' => array( $txt['pmarcopy'],]]></add>
		</operation>
	</file>
	<file name="$languagedir/Modifications.english.php">
		<operation>
			<search position="end" />
			<add><![CDATA[
$txt['pmarcopy'] = 'PM Auto Responder Mod &copy; <a href="http://www.bryandeakin.com">Bryan Runic Deakin</a>';
]]></add>
		</operation>
	</file>
		<file name="$languagedir/Modifications.english-utf8.php" error="skip">
		<operation>
			<search position="end" />
			<add><![CDATA[
$txt['pmarcopy'] = 'PM Auto Responder Mod &copy; <a href="http://www.bryandeakin.com">Bryan Runic Deakin</a>';
]]></add>
		</operation>
	</file>
		<file name="$languagedir/Modifications.english_british.php" error="skip">
		<operation>
			<search position="end" />
			<add><![CDATA[
$txt['pmarcopy'] = 'PM Auto Responder Mod &copy; <a href="http://www.bryandeakin.com">Bryan Runic Deakin</a>';
]]></add>
		</operation>
	</file>
		<file name="$languagedir/Modifications.english_british-utf8.php" error="skip">
		<operation>
			<search position="end" />
			<add><![CDATA[
$txt['pmarcopy'] = 'PM Auto Responder Mod &copy; <a href="http://www.bryandeakin.com">Bryan Runic Deakin</a>';
]]></add>
		</operation>
	</file>
</modification>