<?xml version="1.0"?>
<!DOCTYPE modification SYSTEM "http://www.simplemachines.org/xml/modification">

<modification xmlns="http://www.simplemachines.org/xml/modification" xmlns:smf="http://www.simplemachines.org/">
	<id>Runic:Linkback</id>
	<version>1.2</version>
	
	<file name="$languagedir/Modifications.english.php">
		<operation>
			<search position="end" />
			<add><![CDATA[
$txt['linkback'] = 'Linkback';
$txt['linkbackStyle'] = 'Linkback style';
$txt['linkbackStyle_post'] = 'Link back to the individual post';
$txt['linkbackStyle_topic'] = 'Link back to the topic';
$txt['linkback_copy'] = 'Linkback Mod &copy; <a href="http://www.bryandeakin.com">Bryan Runic Deakin</a>';
]]></add>
		</operation>
	</file>
	
	<file name="$languagedir/Modifications.english-utf8.php" error="skip">
		<operation>
			<search position="end" />
			<add><![CDATA[
$txt['linkback'] = 'Linkback';
$txt['linkbackStyle'] = 'Linkback style';
$txt['linkbackStyle_post'] = 'Link back to thie individual post';
$txt['linkbackStyle_topic'] = 'Link back to the topic';
$txt['linkback_copy'] = 'Linkback Mod &copy; <a href="http://www.bryandeakin.com">Bryan Runic Deakin</a>';
]]></add>
		</operation>
	</file>
	
</modification>